N,Trapezoidal_Error,Monte_Carlo_Error
2000,4.1123353256e-07,5.2976716603e-02
4000,1.0280837959e-07,2.1653602280e-02
8000,2.5702086903e-08,2.0669890367e-02
16000,6.4255192278e-09,1.3447935865e-02
32000,1.6063950170e-09,1.1438182947e-02
64000,4.0160585968e-10,6.7374808550e-03
128000,1.0040479559e-10,4.3938948138e-03
256000,2.5068613851e-11,1.8508323937e-03
512000,6.2285732128e-12,6.5538289525e-04
1024000,1.6866508190e-12,1.2152643593e-03
